name,animal_id,flu,age,replicate,tissue
M00_Cerebellum_04M_F0_1,,0.0,4.0,1.0,Cerebellum
M00_Cerebellum_04M_F0_2,,0.0,4.0,2.0,Cerebellum
M00_Cerebellum_04M_F0_3,,0.0,4.0,3.0,Cerebellum
M00_Cerebellum_05M_F0_1,,0.0,5.0,1.0,Cerebellum
M00_Cerebellum_05M_F0_2,,0.0,5.0,2.0,Cerebellum
M00_Cerebellum_05M_F0_3,,0.0,5.0,3.0,Cerebellum
M00_Cerebellum_05M_F0_4,,0.0,5.0,4.0,Cerebellum
M00_Cerebellum_09M_F0_1,,0.0,9.0,1.0,Cerebellum
M00_Cerebellum_09M_F0_2,,0.0,9.0,2.0,Cerebellum
M00_Cerebellum_09M_F0_3,,0.0,9.0,3.0,Cerebellum
M00_Cerebellum_12M_F0_1,,0.0,12.0,1.0,Cerebellum
M00_Cerebellum_12M_F0_2,,0.0,12.0,2.0,Cerebellum
M00_Cerebellum_12M_F0_3,,0.0,12.0,3.0,Cerebellum
M00_Cerebellum_18M_F0_1,,0.0,18.0,1.0,Cerebellum
M00_Cerebellum_18M_F0_2,,0.0,18.0,2.0,Cerebellum
M00_Cerebellum_18M_F0_3,,0.0,18.0,3.0,Cerebellum
M00_Cerebellum_24M_F0_2,,0.0,24.0,2.0,Cerebellum
M00_Cerebellum_24M_F0_3,,0.0,24.0,3.0,Cerebellum
M00_MonoDC_04M_F0_1,,0.0,4.0,1.0,MonoDC
M00_MonoDC_04M_F0_2,,0.0,4.0,2.0,MonoDC
M00_MonoDC_04M_F0_3,,0.0,4.0,3.0,MonoDC
M00_MonoDC_04M_F0_4,,0.0,4.0,4.0,MonoDC
M00_MonoDC_04M_F0_5,,0.0,4.0,5.0,MonoDC
M00_MonoDC_04M_F10_1,,10.0,4.0,1.0,MonoDC
M00_MonoDC_04M_F10_2,,10.0,4.0,2.0,MonoDC
M00_MonoDC_04M_F10_3,,10.0,4.0,3.0,MonoDC
M00_MonoDC_04M_F10_4,,10.0,4.0,4.0,MonoDC
M00_MonoDC_04M_F10_5,,10.0,4.0,5.0,MonoDC
M00_MonoDC_04M_F150_1,,150.0,4.0,1.0,MonoDC
M00_MonoDC_04M_F150_2,,150.0,4.0,2.0,MonoDC
M00_MonoDC_04M_F150_3,,150.0,4.0,3.0,MonoDC
M00_MonoDC_04M_F150_4,,150.0,4.0,4.0,MonoDC
M00_MonoDC_04M_F150_5,,150.0,4.0,5.0,MonoDC
M00_MonoDC_04M_F150_6,,150.0,4.0,6.0,MonoDC
M00_MonoDC_05M_F0_1,,0.0,5.0,1.0,MonoDC
M00_MonoDC_05M_F0_2,,0.0,5.0,2.0,MonoDC
M00_MonoDC_09M_F0_1,,0.0,9.0,1.0,MonoDC
M00_MonoDC_09M_F0_2,,0.0,9.0,2.0,MonoDC
M00_MonoDC_09M_F0_4,,0.0,9.0,4.0,MonoDC
M00_MonoDC_09M_F0_5,,0.0,9.0,5.0,MonoDC
M00_MonoDC_09M_F0_6,,0.0,9.0,6.0,MonoDC
M00_MonoDC_09M_F10_1,,10.0,9.0,1.0,MonoDC
M00_MonoDC_09M_F10_2,,10.0,9.0,2.0,MonoDC
M00_MonoDC_09M_F10_3,,10.0,9.0,3.0,MonoDC
M00_MonoDC_09M_F10_5,,10.0,9.0,5.0,MonoDC
M00_MonoDC_09M_F10_6,,10.0,9.0,6.0,MonoDC
M00_MonoDC_09M_F150_1,,150.0,9.0,1.0,MonoDC
M00_MonoDC_09M_F150_2,,150.0,9.0,2.0,MonoDC
M00_MonoDC_09M_F150_4,,150.0,9.0,4.0,MonoDC
M00_MonoDC_09M_F150_5,,150.0,9.0,5.0,MonoDC
M00_MonoDC_12M_F0_1,,0.0,12.0,1.0,MonoDC
M00_MonoDC_12M_F0_2,,0.0,12.0,2.0,MonoDC
M00_MonoDC_12M_F0_3,,0.0,12.0,3.0,MonoDC
M00_MonoDC_12M_F0_4,,0.0,12.0,4.0,MonoDC
M00_MonoDC_12M_F0_5,,0.0,12.0,5.0,MonoDC
M00_MonoDC_12M_F0_6,,0.0,12.0,6.0,MonoDC
M00_MonoDC_12M_F10_2,,10.0,12.0,2.0,MonoDC
M00_MonoDC_12M_F10_3,,10.0,12.0,3.0,MonoDC
M00_MonoDC_12M_F10_4,,10.0,12.0,4.0,MonoDC
M00_MonoDC_12M_F10_5,,10.0,12.0,5.0,MonoDC
M00_MonoDC_12M_F150_1,,150.0,12.0,1.0,MonoDC
M00_MonoDC_12M_F150_2,,150.0,12.0,2.0,MonoDC
M00_MonoDC_12M_F150_3,,150.0,12.0,3.0,MonoDC
M00_MonoDC_12M_F150_4,,150.0,12.0,4.0,MonoDC
M00_MonoDC_12M_F150_5,,150.0,12.0,5.0,MonoDC
M00_MonoDC_12M_F150_6,,150.0,12.0,6.0,MonoDC
M00_MonoDC_18M_F0_1,,0.0,18.0,1.0,MonoDC
M00_MonoDC_18M_F0_2,,0.0,18.0,2.0,MonoDC
M00_MonoDC_18M_F0_4,,0.0,18.0,4.0,MonoDC
M00_MonoDC_18M_F0_5,,0.0,18.0,5.0,MonoDC
M00_MonoDC_18M_F0_6,,0.0,18.0,6.0,MonoDC
M00_MonoDC_18M_F10_1,,10.0,18.0,1.0,MonoDC
M00_MonoDC_18M_F10_2,,10.0,18.0,2.0,MonoDC
M00_MonoDC_18M_F10_3,,10.0,18.0,3.0,MonoDC
M00_MonoDC_18M_F10_4,,10.0,18.0,4.0,MonoDC
M00_MonoDC_18M_F10_5,,10.0,18.0,5.0,MonoDC
M00_MonoDC_18M_F150_1,,150.0,18.0,1.0,MonoDC
M00_MonoDC_18M_F150_2,,150.0,18.0,2.0,MonoDC
M00_MonoDC_18M_F150_3,,150.0,18.0,3.0,MonoDC
M00_MonoDC_18M_F150_4,,150.0,18.0,4.0,MonoDC
M00_MonoDC_18M_F150_5,,150.0,18.0,5.0,MonoDC
M00_MonoDC_18M_F150_6,,150.0,18.0,6.0,MonoDC
M00_MonoDC_24M_F0_1,,0.0,24.0,1.0,MonoDC
M00_MonoDC_24M_F0_2,,0.0,24.0,2.0,MonoDC
M00_MonoDC_24M_F0_3,,0.0,24.0,3.0,MonoDC
M00_MonoDC_24M_F0_4,,0.0,24.0,4.0,MonoDC
M00_MonoDC_24M_F0_5,,0.0,24.0,5.0,MonoDC
M00_MonoDC_24M_F0_6,,0.0,24.0,6.0,MonoDC
M00_MonoDC_24M_F10_1,,10.0,24.0,1.0,MonoDC
M00_MonoDC_24M_F10_2,,10.0,24.0,2.0,MonoDC
M00_MonoDC_24M_F10_3,,10.0,24.0,3.0,MonoDC
M00_MonoDC_24M_F10_4,,10.0,24.0,4.0,MonoDC
M00_MonoDC_24M_F10_5,,10.0,24.0,5.0,MonoDC
M00_MonoDC_24M_F10_6,,10.0,24.0,6.0,MonoDC
M00_MonoDC_24M_F150_1,,150.0,24.0,1.0,MonoDC
M00_MonoDC_24M_F150_2,,150.0,24.0,2.0,MonoDC
M00_MonoDC_24M_F150_3,,150.0,24.0,3.0,MonoDC
M00_MonoDC_24M_F150_4,,150.0,24.0,4.0,MonoDC
M00_MonoDC_24M_F150_5,,150.0,24.0,5.0,MonoDC
M00_MonoDC_24M_F150_6,,150.0,24.0,6.0,MonoDC
M01_AM_24M_F0_1,1.0,0.0,24.0,1.0,AM
M01_AT2_24M_F0_1,1.0,0.0,24.0,1.0,AT2
M01_Brain_24M_F0_1,1.0,0.0,24.0,1.0,Brain
M01_Kidney_24M_F0_1,1.0,0.0,24.0,1.0,Kidney
M01_Lung_24M_F0_1,1.0,0.0,24.0,1.0,Lung
M02_AM_24M_F0_2,2.0,0.0,24.0,2.0,AM
M02_AT2_24M_F0_2,2.0,0.0,24.0,2.0,AT2
M02_Heart_24M_F0_2,2.0,0.0,24.0,2.0,Heart
M02_Kidney_24M_F0_2,2.0,0.0,24.0,2.0,Kidney
M02_Lung_24M_F0_2,2.0,0.0,24.0,2.0,Lung
M03_AM_24M_F0_3,3.0,0.0,24.0,3.0,AM
M03_AT2_24M_F0_3,3.0,0.0,24.0,3.0,AT2
M03_Brain_24M_F0_3,3.0,0.0,24.0,3.0,Brain
M03_Kidney_24M_F0_3,3.0,0.0,24.0,3.0,Kidney
M03_Lung_24M_F0_3,3.0,0.0,24.0,3.0,Lung
M04_AM_18M_F0_1,4.0,0.0,18.0,1.0,AM
M04_AT2_18M_F0_1,4.0,0.0,18.0,1.0,AT2
M04_Brain_18M_F0_1,4.0,0.0,18.0,1.0,Brain
M04_Lung_18M_F0_1,4.0,0.0,18.0,1.0,Lung
M05_AM_18M_F0_2,5.0,0.0,18.0,2.0,AM
M05_AT2_18M_F0_2,5.0,0.0,18.0,2.0,AT2
M05_Kidney_18M_F0_2,5.0,0.0,18.0,2.0,Kidney
M05_Lung_18M_F0_2,5.0,0.0,18.0,2.0,Lung
M06_AM_18M_F0_3,6.0,0.0,18.0,3.0,AM
M06_Brain_18M_F0_3,6.0,0.0,18.0,3.0,Brain
M06_Kidney_18M_F0_3,6.0,0.0,18.0,3.0,Kidney
M06_Lung_18M_F0_3,6.0,0.0,18.0,3.0,Lung
M07_AM_12M_F0_1,7.0,0.0,12.0,1.0,AM
M07_AT2_12M_F0_1,7.0,0.0,12.0,1.0,AT2
M07_Heart_12M_F0_1,7.0,0.0,12.0,1.0,Heart
M07_Kidney_12M_F0_1,7.0,0.0,12.0,1.0,Kidney
M07_Lung_12M_F0_1,7.0,0.0,12.0,1.0,Lung
M08_AM_12M_F0_2,8.0,0.0,12.0,2.0,AM
M08_Brain_12M_F0_2,8.0,0.0,12.0,2.0,Brain
M08_Kidney_12M_F0_2,8.0,0.0,12.0,2.0,Kidney
M08_Lung_12M_F0_2,8.0,0.0,12.0,2.0,Lung
M09_AM_12M_F0_3,9.0,0.0,12.0,3.0,AM
M09_AT2_12M_F0_3,9.0,0.0,12.0,3.0,AT2
M09_Kidney_12M_F0_3,9.0,0.0,12.0,3.0,Kidney
M09_Lung_12M_F0_3,9.0,0.0,12.0,3.0,Lung
M10_AM_09M_F0_1,10.0,0.0,9.0,1.0,AM
M10_AT2_09M_F0_1,10.0,0.0,9.0,1.0,AT2
M10_Brain_09M_F0_1,10.0,0.0,9.0,1.0,Brain
M10_Heart_09M_F0_1,10.0,0.0,9.0,1.0,Heart
M10_Lung_09M_F0_1,10.0,0.0,9.0,1.0,Lung
M11_AM_09M_F0_2,11.0,0.0,9.0,2.0,AM
M11_AT2_09M_F0_2,11.0,0.0,9.0,2.0,AT2
M11_Brain_09M_F0_2,11.0,0.0,9.0,2.0,Brain
M11_Heart_09M_F0_2,11.0,0.0,9.0,2.0,Heart
M11_Lung_09M_F0_2,11.0,0.0,9.0,2.0,Lung
M12_AM_09M_F0_3,12.0,0.0,9.0,3.0,AM
M12_AT2_09M_F0_3,12.0,0.0,9.0,3.0,AT2
M12_Brain_09M_F0_3,12.0,0.0,9.0,3.0,Brain
M12_Heart_09M_F0_3,12.0,0.0,9.0,3.0,Heart
M12_Kidney_09M_F0_3,12.0,0.0,9.0,3.0,Kidney
M12_Lung_09M_F0_3,12.0,0.0,9.0,3.0,Lung
M13_AM_04M_F0_1,13.0,0.0,4.0,1.0,AM
M13_AT2_04M_F0_1,13.0,0.0,4.0,1.0,AT2
M13_Brain_04M_F0_1,13.0,0.0,4.0,1.0,Brain
M13_Heart_04M_F0_1,13.0,0.0,4.0,1.0,Heart
M13_Kidney_04M_F0_1,13.0,0.0,4.0,1.0,Kidney
M13_Lung_04M_F0_1,13.0,0.0,4.0,1.0,Lung
M14_AM_04M_F0_2,14.0,0.0,4.0,2.0,AM
M14_AT2_04M_F0_2,14.0,0.0,4.0,2.0,AT2
M14_Brain_04M_F0_2,14.0,0.0,4.0,2.0,Brain
M14_Heart_04M_F0_2,14.0,0.0,4.0,2.0,Heart
M14_Kidney_04M_F0_2,14.0,0.0,4.0,2.0,Kidney
M14_Lung_04M_F0_2,14.0,0.0,4.0,2.0,Lung
M15_AM_04M_F0_3,15.0,0.0,4.0,3.0,AM
M15_AT2_04M_F0_3,15.0,0.0,4.0,3.0,AT2
M15_Brain_04M_F0_3,15.0,0.0,4.0,3.0,Brain
M15_Heart_04M_F0_3,15.0,0.0,4.0,3.0,Heart
M15_Kidney_04M_F0_3,15.0,0.0,4.0,3.0,Kidney
M15_Lung_04M_F0_3,15.0,0.0,4.0,3.0,Lung
M16_AM_24M_F0_4,16.0,0.0,24.0,4.0,AM
M16_AT2_24M_F0_4,16.0,0.0,24.0,4.0,AT2
M16_Brain_24M_F0_1,16.0,0.0,24.0,1.0,Brain
M16_Heart_24M_F0_4,16.0,0.0,24.0,4.0,Heart
M16_Kidney_24M_F0_4,16.0,0.0,24.0,4.0,Kidney
M16_Lung_24M_F0_4,16.0,0.0,24.0,4.0,Lung
M17_AM_24M_F0_5,17.0,0.0,24.0,5.0,AM
M17_AT2_24M_F0_5,17.0,0.0,24.0,5.0,AT2
M17_Brain_24M_F0_2,17.0,0.0,24.0,2.0,Brain
M17_Heart_24M_F0_5,17.0,0.0,24.0,5.0,Heart
M17_Kidney_24M_F0_5,17.0,0.0,24.0,5.0,Kidney
M17_Lung_24M_F0_5,17.0,0.0,24.0,5.0,Lung
M18_AM_24M_F0_6,18.0,0.0,24.0,6.0,AM
M18_AT2_24M_F0_6,18.0,0.0,24.0,6.0,AT2
M18_Brain_24M_F0_3,18.0,0.0,24.0,3.0,Brain
M18_Heart_24M_F0_6,18.0,0.0,24.0,6.0,Heart
M18_Kidney_24M_F0_6,18.0,0.0,24.0,6.0,Kidney
M18_Lung_24M_F0_6,18.0,0.0,24.0,6.0,Lung
M19_AM_18M_F0_4,19.0,0.0,18.0,4.0,AM
M19_AT2_18M_F0_4,19.0,0.0,18.0,4.0,AT2
M19_Brain_18M_F0_1,19.0,0.0,18.0,1.0,Brain
M19_Kidney_18M_F0_4,19.0,0.0,18.0,4.0,Kidney
M19_Lung_18M_F0_4,19.0,0.0,18.0,4.0,Lung
M20_AM_18M_F0_5,20.0,0.0,18.0,5.0,AM
M20_AT2_18M_F0_5,20.0,0.0,18.0,5.0,AT2
M20_Brain_18M_F0_2,20.0,0.0,18.0,2.0,Brain
M20_Heart_18M_F0_1,20.0,0.0,18.0,1.0,Heart
M20_Kidney_18M_F0_5,20.0,0.0,18.0,5.0,Kidney
M20_Lung_18M_F0_5,20.0,0.0,18.0,5.0,Lung
M21_AM_18M_F0_6,21.0,0.0,18.0,6.0,AM
M21_AT2_18M_F0_6,21.0,0.0,18.0,6.0,AT2
M21_Brain_18M_F0_3,21.0,0.0,18.0,3.0,Brain
M21_Kidney_18M_F0_6,21.0,0.0,18.0,6.0,Kidney
M21_Lung_18M_F0_6,21.0,0.0,18.0,6.0,Lung
M22_AM_12M_F0_4,22.0,0.0,12.0,4.0,AM
M22_AT2_12M_F0_4,22.0,0.0,12.0,4.0,AT2
M22_Brain_12M_F0_1,22.0,0.0,12.0,1.0,Brain
M22_Heart_12M_F0_4,22.0,0.0,12.0,4.0,Heart
M22_Kidney_12M_F0_4,22.0,0.0,12.0,4.0,Kidney
M22_Lung_12M_F0_4,22.0,0.0,12.0,4.0,Lung
M23_AM_12M_F0_5,23.0,0.0,12.0,5.0,AM
M23_AT2_12M_F0_5,23.0,0.0,12.0,5.0,AT2
M23_Brain_12M_F0_2,23.0,0.0,12.0,2.0,Brain
M23_Heart_12M_F0_5,23.0,0.0,12.0,5.0,Heart
M23_Lung_12M_F0_5,23.0,0.0,12.0,5.0,Lung
M24_AM_12M_F0_6,24.0,0.0,12.0,6.0,AM
M24_AT2_12M_F0_6,24.0,0.0,12.0,6.0,AT2
M24_Brain_12M_F0_3,24.0,0.0,12.0,3.0,Brain
M24_Heart_12M_F0_6,24.0,0.0,12.0,6.0,Heart
M24_Kidney_12M_F0_6,24.0,0.0,12.0,6.0,Kidney
M24_Lung_12M_F0_6,24.0,0.0,12.0,6.0,Lung
M25_AM_09M_F0_4,25.0,0.0,9.0,4.0,AM
M25_AT2_09M_F0_4,25.0,0.0,9.0,4.0,AT2
M25_Heart_09M_F0_4,25.0,0.0,9.0,4.0,Heart
M25_Kidney_09M_F0_4,25.0,0.0,9.0,4.0,Kidney
M25_Lung_09M_F0_4,25.0,0.0,9.0,4.0,Lung
M26_AM_09M_F0_5,26.0,0.0,9.0,5.0,AM
M26_AT2_09M_F0_5,26.0,0.0,9.0,5.0,AT2
M26_Brain_09M_F0_2,26.0,0.0,9.0,2.0,Brain
M26_Kidney_09M_F0_5,26.0,0.0,9.0,5.0,Kidney
M26_Lung_09M_F0_5,26.0,0.0,9.0,5.0,Lung
M27_AM_09M_F0_6,27.0,0.0,9.0,6.0,AM
M27_AT2_09M_F0_6,27.0,0.0,9.0,6.0,AT2
M27_Brain_09M_F0_3,27.0,0.0,9.0,3.0,Brain
M27_Heart_09M_F0_6,27.0,0.0,9.0,6.0,Heart
M27_Kidney_09M_F0_6,27.0,0.0,9.0,6.0,Kidney
M27_Lung_09M_F0_6,27.0,0.0,9.0,6.0,Lung
M28_AM_04M_F0_4,28.0,0.0,4.0,4.0,AM
M28_AT2_04M_F0_4,28.0,0.0,4.0,4.0,AT2
M28_Heart_04M_F0_4,28.0,0.0,4.0,4.0,Heart
M28_Lung_04M_F0_4,28.0,0.0,4.0,4.0,Lung
M29_AM_04M_F0_5,29.0,0.0,4.0,5.0,AM
M29_AT2_04M_F0_5,29.0,0.0,4.0,5.0,AT2
M29_Brain_04M_F0_2,29.0,0.0,4.0,2.0,Brain
M29_Heart_04M_F0_5,29.0,0.0,4.0,5.0,Heart
M29_Kidney_04M_F0_5,29.0,0.0,4.0,5.0,Kidney
M29_Lung_04M_F0_5,29.0,0.0,4.0,5.0,Lung
M30_AM_04M_F0_6,30.0,0.0,4.0,6.0,AM
M30_AT2_04M_F0_6,30.0,0.0,4.0,6.0,AT2
M30_Heart_04M_F0_6,30.0,0.0,4.0,6.0,Heart
M30_Kidney_04M_F0_6,30.0,0.0,4.0,6.0,Kidney
M30_Lung_04M_F0_6,30.0,0.0,4.0,6.0,Lung
M31_Brain_05M_F0_1,31.0,0.0,5.0,1.0,Brain
M31_Kidney_01M_F0_1,31.0,0.0,1.0,1.0,Kidney
M31_Lung_01M_F0_1,31.0,0.0,1.0,1.0,Lung
M32_Brain_05M_F0_2,32.0,0.0,5.0,2.0,Brain
M32_Kidney_01M_F0_2,32.0,0.0,1.0,2.0,Kidney
M32_Lung_01M_F0_2,32.0,0.0,1.0,2.0,Lung
M33_Brain_05M_F0_3,33.0,0.0,5.0,3.0,Brain
M33_Kidney_01M_F0_3,33.0,0.0,1.0,3.0,Kidney
M33_Lung_01M_F0_3,33.0,0.0,1.0,3.0,Lung
M34_Brain_05M_F0_4,34.0,0.0,5.0,4.0,Brain
M34_Kidney_01M_F0_4,34.0,0.0,1.0,4.0,Kidney
M34_Lung_01M_F0_4,34.0,0.0,1.0,4.0,Lung
M35_AM_24M_F150_1,35.0,150.0,24.0,1.0,AM
M35_AT2_24M_F150_1,35.0,150.0,24.0,1.0,AT2
M35_Lung_24M_F150_1,35.0,150.0,24.0,1.0,Lung
M36_AM_24M_F150_2,36.0,150.0,24.0,2.0,AM
M36_AT2_24M_F150_2,36.0,150.0,24.0,2.0,AT2
M36_Lung_24M_F150_2,36.0,150.0,24.0,2.0,Lung
M37_AM_24M_F150_3,37.0,150.0,24.0,3.0,AM
M37_AT2_24M_F150_3,37.0,150.0,24.0,3.0,AT2
M37_Lung_24M_F150_3,37.0,150.0,24.0,3.0,Lung
M38_AM_18M_F150_1,38.0,150.0,18.0,1.0,AM
M38_AT2_18M_F150_1,38.0,150.0,18.0,1.0,AT2
M38_Lung_18M_F150_1,38.0,150.0,18.0,1.0,Lung
M39_AT2_18M_F150_2,39.0,150.0,18.0,2.0,AT2
M39_Lung_18M_F150_2,39.0,150.0,18.0,2.0,Lung
M40_AM_18M_F150_3,40.0,150.0,18.0,3.0,AM
M40_AT2_18M_F150_3,40.0,150.0,18.0,3.0,AT2
M40_Lung_18M_F150_3,40.0,150.0,18.0,3.0,Lung
M41_AM_12M_F150_1,41.0,150.0,12.0,1.0,AM
M41_AT2_12M_F150_1,41.0,150.0,12.0,1.0,AT2
M41_Lung_12M_F150_1,41.0,150.0,12.0,1.0,Lung
M42_AM_12M_F150_2,42.0,150.0,12.0,2.0,AM
M42_AT2_12M_F150_2,42.0,150.0,12.0,2.0,AT2
M42_Lung_12M_F150_2,42.0,150.0,12.0,2.0,Lung
M43_AM_12M_F150_3,43.0,150.0,12.0,3.0,AM
M43_AT2_12M_F150_3,43.0,150.0,12.0,3.0,AT2
M43_Lung_12M_F150_3,43.0,150.0,12.0,3.0,Lung
M45_AM_09M_F150_1,45.0,150.0,9.0,1.0,AM
M45_AT2_09M_F150_1,45.0,150.0,9.0,1.0,AT2
M45_Lung_09M_F150_1,45.0,150.0,9.0,1.0,Lung
M46_AM_09M_F150_2,46.0,150.0,9.0,2.0,AM
M46_AT2_09M_F150_2,46.0,150.0,9.0,2.0,AT2
M46_Lung_09M_F150_2,46.0,150.0,9.0,2.0,Lung
M47_AM_04M_F150_1,47.0,150.0,4.0,1.0,AM
M47_AT2_04M_F150_1,47.0,150.0,4.0,1.0,AT2
M47_Lung_04M_F150_1,47.0,150.0,4.0,1.0,Lung
M48_AM_04M_F150_2,48.0,150.0,4.0,2.0,AM
M48_AT2_04M_F150_2,48.0,150.0,4.0,2.0,AT2
M48_Lung_04M_F150_2,48.0,150.0,4.0,2.0,Lung
M49_AM_04M_F150_3,49.0,150.0,4.0,3.0,AM
M49_AT2_04M_F150_3,49.0,150.0,4.0,3.0,AT2
M49_Lung_04M_F150_3,49.0,150.0,4.0,3.0,Lung
M50_AM_24M_F150_4,50.0,150.0,24.0,4.0,AM
M50_AT2_24M_F150_4,50.0,150.0,24.0,4.0,AT2
M50_Lung_24M_F150_4,50.0,150.0,24.0,4.0,Lung
M51_AM_24M_F150_5,51.0,150.0,24.0,5.0,AM
M51_AT2_24M_F150_5,51.0,150.0,24.0,5.0,AT2
M51_Lung_24M_F150_5,51.0,150.0,24.0,5.0,Lung
M52_AM_24M_F150_6,52.0,150.0,24.0,6.0,AM
M52_AT2_24M_F150_6,52.0,150.0,24.0,6.0,AT2
M52_Lung_24M_F150_6,52.0,150.0,24.0,6.0,Lung
M53_AM_18M_F150_4,53.0,150.0,18.0,4.0,AM
M53_AT2_18M_F150_4,53.0,150.0,18.0,4.0,AT2
M53_Lung_18M_F150_4,53.0,150.0,18.0,4.0,Lung
M54_AM_18M_F150_5,54.0,150.0,18.0,5.0,AM
M54_AT2_18M_F150_5,54.0,150.0,18.0,5.0,AT2
M54_Lung_18M_F150_5,54.0,150.0,18.0,5.0,Lung
M55_AM_18M_F150_6,55.0,150.0,18.0,6.0,AM
M55_AT2_18M_F150_6,55.0,150.0,18.0,6.0,AT2
M55_Lung_18M_F150_6,55.0,150.0,18.0,6.0,Lung
M56_AM_12M_F150_4,56.0,150.0,12.0,4.0,AM
M56_AT2_12M_F150_4,56.0,150.0,12.0,4.0,AT2
M56_Lung_12M_F150_4,56.0,150.0,12.0,4.0,Lung
M57_AM_12M_F150_5,57.0,150.0,12.0,5.0,AM
M57_Lung_12M_F150_5,57.0,150.0,12.0,5.0,Lung
M58_AM_12M_F150_6,58.0,150.0,12.0,6.0,AM
M58_AT2_12M_F150_6,58.0,150.0,12.0,6.0,AT2
M58_Lung_12M_F150_6,58.0,150.0,12.0,6.0,Lung
M59_AM_09M_F150_4,59.0,150.0,9.0,4.0,AM
M59_AT2_09M_F150_4,59.0,150.0,9.0,4.0,AT2
M59_Lung_09M_F150_4,59.0,150.0,9.0,4.0,Lung
M60_AM_09M_F150_5,60.0,150.0,9.0,5.0,AM
M60_AT2_09M_F150_5,60.0,150.0,9.0,5.0,AT2
M60_Lung_09M_F150_5,60.0,150.0,9.0,5.0,Lung
M62_AM_04M_F150_4,62.0,150.0,4.0,4.0,AM
M62_AT2_04M_F150_4,62.0,150.0,4.0,4.0,AT2
M62_Lung_04M_F150_4,62.0,150.0,4.0,4.0,Lung
M63_AM_04M_F150_5,63.0,150.0,4.0,5.0,AM
M63_AT2_04M_F150_5,63.0,150.0,4.0,5.0,AT2
M63_Lung_04M_F150_5,63.0,150.0,4.0,5.0,Lung
M64_AM_04M_F150_6,64.0,150.0,4.0,6.0,AM
M64_AT2_04M_F150_6,64.0,150.0,4.0,6.0,AT2
M64_Lung_04M_F150_6,64.0,150.0,4.0,6.0,Lung
M65_AM_24M_F10_1,65.0,10.0,24.0,1.0,AM
M65_AT2_24M_F10_1,65.0,10.0,24.0,1.0,AT2
M65_Lung_24M_F10_1,65.0,10.0,24.0,1.0,Lung
M66_AM_24M_F10_2,66.0,10.0,24.0,2.0,AM
M66_AT2_24M_F10_2,66.0,10.0,24.0,2.0,AT2
M66_Lung_24M_F10_2,66.0,10.0,24.0,2.0,Lung
M67_AM_24M_F10_3,67.0,10.0,24.0,3.0,AM
M67_AT2_24M_F10_3,67.0,10.0,24.0,3.0,AT2
M67_Lung_24M_F10_3,67.0,10.0,24.0,3.0,Lung
M68_AM_18M_F10_1,68.0,10.0,18.0,1.0,AM
M68_AT2_18M_F10_1,68.0,10.0,18.0,1.0,AT2
M68_Lung_18M_F10_1,68.0,10.0,18.0,1.0,Lung
M70_AM_18M_F10_2,70.0,10.0,18.0,2.0,AM
M70_AT2_18M_F10_2,70.0,10.0,18.0,2.0,AT2
M70_Lung_18M_F10_2,70.0,10.0,18.0,2.0,Lung
M71_AM_12M_F10_1,71.0,10.0,12.0,1.0,AM
M71_AT2_12M_F10_1,71.0,10.0,12.0,1.0,AT2
M71_Lung_12M_F10_1,71.0,10.0,12.0,1.0,Lung
M73_AM_12M_F10_2,73.0,10.0,12.0,2.0,AM
M73_AT2_12M_F10_2,73.0,10.0,12.0,2.0,AT2
M73_Lung_12M_F10_2,73.0,10.0,12.0,2.0,Lung
M74_AM_09M_F10_1,74.0,10.0,9.0,1.0,AM
M74_AT2_09M_F10_1,74.0,10.0,9.0,1.0,AT2
M74_Lung_09M_F10_1,74.0,10.0,9.0,1.0,Lung
M75_AM_09M_F10_2,75.0,10.0,9.0,2.0,AM
M75_AT2_09M_F10_2,75.0,10.0,9.0,2.0,AT2
M75_Lung_09M_F10_2,75.0,10.0,9.0,2.0,Lung
M76_AM_09M_F10_3,76.0,10.0,9.0,3.0,AM
M76_AT2_09M_F10_3,76.0,10.0,9.0,3.0,AT2
M76_Lung_09M_F10_3,76.0,10.0,9.0,3.0,Lung
M77_AM_04M_F10_1,77.0,10.0,4.0,1.0,AM
M77_AT2_04M_F10_1,77.0,10.0,4.0,1.0,AT2
M77_Lung_04M_F10_1,77.0,10.0,4.0,1.0,Lung
M79_AM_04M_F10_2,79.0,10.0,4.0,2.0,AM
M79_AT2_04M_F10_2,79.0,10.0,4.0,2.0,AT2
M79_Lung_04M_F10_2,79.0,10.0,4.0,2.0,Lung
M80_AM_24M_F10_4,80.0,10.0,24.0,4.0,AM
M80_AT2_24M_F10_4,80.0,10.0,24.0,4.0,AT2
M80_Lung_24M_F10_4,80.0,10.0,24.0,4.0,Lung
M81_AM_24M_F10_5,81.0,10.0,24.0,5.0,AM
M81_AT2_24M_F10_5,81.0,10.0,24.0,5.0,AT2
M81_Lung_24M_F10_5,81.0,10.0,24.0,5.0,Lung
M82_AM_24M_F10_6,82.0,10.0,24.0,6.0,AM
M82_AT2_24M_F10_6,82.0,10.0,24.0,6.0,AT2
M82_Lung_24M_F10_6,82.0,10.0,24.0,6.0,Lung
M83_AM_18M_F10_4,83.0,10.0,18.0,4.0,AM
M83_AT2_18M_F10_4,83.0,10.0,18.0,4.0,AT2
M83_Lung_18M_F10_4,83.0,10.0,18.0,4.0,Lung
M84_AM_18M_F10_5,84.0,10.0,18.0,5.0,AM
M85_AM_18M_F10_6,85.0,10.0,18.0,6.0,AM
M85_AT2_18M_F10_6,85.0,10.0,18.0,6.0,AT2
M85_Lung_18M_F10_6,85.0,10.0,18.0,6.0,Lung
M86_AM_12M_F10_4,86.0,10.0,12.0,4.0,AM
M86_AT2_12M_F10_4,86.0,10.0,12.0,4.0,AT2
M87_AM_12M_F10_5,87.0,10.0,12.0,5.0,AM
M87_AT2_12M_F10_5,87.0,10.0,12.0,5.0,AT2
M87_Lung_12M_F10_5,87.0,10.0,12.0,5.0,Lung
M88_AM_12M_F10_6,88.0,10.0,12.0,6.0,AM
M88_AT2_12M_F10_6,88.0,10.0,12.0,6.0,AT2
M88_Lung_12M_F10_6,88.0,10.0,12.0,6.0,Lung
M89_AM_09M_F10_4,89.0,10.0,9.0,4.0,AM
M89_Lung_09M_F10_4,89.0,10.0,9.0,4.0,Lung
M90_AM_09M_F10_5,90.0,10.0,9.0,5.0,AM
M90_Lung_09M_F10_5,90.0,10.0,9.0,5.0,Lung
M91_AM_09M_F10_6,91.0,10.0,9.0,6.0,AM
M91_AT2_09M_F10_6,91.0,10.0,9.0,6.0,AT2
M91_Lung_09M_F10_6,91.0,10.0,9.0,6.0,Lung
M92_AM_04M_F10_4,92.0,10.0,4.0,4.0,AM
M92_Lung_04M_F10_4,92.0,10.0,4.0,4.0,Lung
M93_AM_04M_F10_5,93.0,10.0,4.0,5.0,AM
M93_AT2_04M_F10_5,93.0,10.0,4.0,5.0,AT2
M93_Lung_04M_F10_5,93.0,10.0,4.0,5.0,Lung
M94_AM_04M_F10_6,94.0,10.0,4.0,6.0,AM
M94_AT2_04M_F10_6,94.0,10.0,4.0,6.0,AT2
